country,year,gdp_growth,cpi_inflation,unemployment,debt_gdp_pct,deficit_gdp_pct,policy_rate,gov_10y_yield
UK,2000,4.52,0.8,5.6,37.7,1.4,6.00,5.33
UK,2001,2.39,1.2,4.7,35.0,0.3,4.00,5.01
UK,2002,1.71,1.3,5.0,35.4,-2.0,4.00,4.91
UK,2003,3.22,1.4,4.8,36.8,-3.2,3.75,4.58
UK,2004,2.33,1.3,4.6,39.8,-3.2,4.75,4.93
UK,2005,2.79,2.1,4.9,41.0,-3.1,4.50,4.46
UK,2006,2.19,2.3,5.5,42.1,-2.8,5.00,4.37
UK,2007,2.93,2.3,5.4,43.2,-2.7,5.50,5.06
UK,2008,-0.05,3.6,5.7,50.8,-5.1,2.00,4.50
UK,2009,-4.59,2.2,7.7,64.9,-10.1,0.50,3.36
UK,2010,2.26,3.3,8.0,75.9,-9.2,0.50,3.36
UK,2011,0.85,4.5,8.2,81.4,-7.4,0.50,2.87
UK,2012,1.53,2.8,8.3,84.5,-7.4,0.50,1.74
UK,2013,1.72,2.6,7.8,85.3,-5.3,0.50,2.03
UK,2014,3.16,1.5,6.4,87.1,-5.5,0.50,2.14
UK,2015,2.14,0.0,5.6,87.9,-4.6,0.50,1.79
UK,2016,2.21,0.7,4.9,87.8,-3.3,0.25,1.22
UK,2017,3.02,2.7,4.5,86.7,-2.5,0.50,1.18
UK,2018,1.55,2.5,4.1,86.3,-2.3,0.75,1.41
UK,2019,1.26,1.8,3.7,85.7,-2.5,0.75,0.88
UK,2020,-10.05,0.9,4.5,105.8,-13.2,0.10,0.32
UK,2021,8.54,2.6,4.9,105.1,-7.7,0.25,0.74
UK,2022,5.15,9.1,3.8,99.6,-4.6,3.50,2.38
UK,2023,0.27,7.3,4.0,100.4,-6.1,5.25,4.01
UK,2024,1.08,2.5,4.4,101.2,-5.7,4.75,4.12
UK,2025,1.39,3.4,4.7,103.9,-4.4,3.75,4.58
Euro area,2000,3.90,2.1,9.6,69.2,-1.3,3.75,5.43
Euro area,2001,2.19,2.4,8.7,68.2,-2.0,2.25,5.00
Euro area,2002,0.96,2.3,8.9,68.1,-2.8,1.75,4.91
Euro area,2003,0.77,2.1,9.1,69.4,-3.2,1.00,4.14
Euro area,2004,2.33,2.2,9.3,69.7,-2.9,1.00,4.12
Euro area,2005,1.79,2.2,9.2,70.3,-2.7,1.25,3.42
Euro area,2006,3.34,2.2,8.4,68.3,-1.6,2.50,3.84
Euro area,2007,3.02,2.2,7.5,65.9,-0.7,3.00,4.32
Euro area,2008,0.43,3.4,7.5,69.6,-2.3,2.00,4.31
Euro area,2009,-4.48,0.3,9.6,80.0,-6.3,0.25,3.82
Euro area,2010,2.12,1.6,10.2,85.4,-6.3,0.25,3.60
Euro area,2011,1.78,2.7,10.3,87.3,-4.2,0.25,4.34
Euro area,2012,-0.91,2.5,11.4,90.8,-3.9,0.00,3.86
Euro area,2013,-0.17,1.4,12.0,92.8,-3.2,0.00,2.99
Euro area,2014,1.45,0.4,11.6,92.9,-2.5,-0.20,2.04
Euro area,2015,2.15,0.2,10.8,91.0,-2.0,-0.30,1.21
Euro area,2016,1.81,0.2,10.0,89.9,-1.5,-0.40,0.86
Euro area,2017,2.62,1.5,9.0,87.5,-1.0,-0.40,1.09
Euro area,2018,1.78,1.8,8.1,85.5,-0.4,-0.40,1.12
Euro area,2019,1.63,1.2,7.4,83.6,-0.5,-0.50,0.44
Euro area,2020,-6.04,0.3,7.8,96.5,-7.0,-0.50,0.04
Euro area,2021,6.44,2.6,7.7,93.8,-5.1,-0.50,0.06
Euro area,2022,3.66,8.4,6.7,89.3,-3.4,2.00,1.87
Euro area,2023,0.46,5.4,6.5,87.0,-3.5,4.00,3.15
Euro area,2024,0.94,2.4,6.3,87.1,-3.1,3.00,2.92
Euro area,2025,1.41,2.1,6.3,89.0,-3.0,2.00,3.09
Germany,2000,2.88,1.4,7.9,59.2,-1.7,3.75,5.26
Germany,2001,1.64,1.9,7.8,58.1,-3.1,2.25,4.80
Germany,2002,-0.23,1.3,8.5,59.8,-4.1,1.75,4.78
Germany,2003,-0.53,1.1,9.8,63.3,-3.8,1.00,4.07
Germany,2004,1.16,1.8,10.7,65.0,-3.4,1.00,4.04
Germany,2005,0.89,1.9,11.2,67.1,-3.4,1.25,3.35
Germany,2006,3.87,1.8,10.3,66.4,-1.8,2.50,3.76
Germany,2007,2.89,2.3,8.7,63.7,0.2,3.00,4.22
Germany,2008,0.89,2.8,7.5,65.2,-0.3,2.00,3.98
Germany,2009,-5.54,0.2,7.9,72.3,-3.2,0.25,3.22
Germany,2010,4.13,1.1,7.0,81.0,-4.4,0.25,2.74
Germany,2011,3.76,2.5,6.0,78.5,-0.8,0.25,2.61
Germany,2012,0.46,2.2,5.4,79.8,-0.1,0.00,1.50
Germany,2013,0.40,1.6,5.3,77.4,0.1,0.00,1.57
Germany,2014,2.18,0.8,5.0,74.5,0.7,-0.20,1.16
Germany,2015,1.66,0.7,4.6,71.2,0.9,-0.30,0.50
Germany,2016,2.22,0.4,4.1,68.3,1.1,-0.40,0.09
Germany,2017,2.80,1.7,3.8,64.0,1.3,-0.40,0.32
Germany,2018,1.14,1.9,3.4,60.8,1.9,-0.40,0.40
Germany,2019,0.98,1.4,3.2,58.7,1.3,-0.50,-0.25
Germany,2020,-4.13,0.4,3.9,68.0,-4.4,-0.50,-0.51
Germany,2021,3.91,3.2,3.6,68.1,-3.2,-0.50,-0.37
Germany,2022,1.81,8.7,3.1,65.0,-2.1,2.00,1.14
Germany,2023,-0.87,6.0,3.1,62.9,-2.5,4.00,2.43
Germany,2024,-0.50,2.5,3.4,63.9,-2.8,3.00,2.32
Germany,2025,0.24,2.3,3.7,65.4,-3.0,2.00,2.59
France,2000,4.14,1.8,10.2,59.7,-1.3,3.75,5.39
France,2001,1.90,1.8,8.6,59.3,-1.4,2.25,4.94
France,2002,1.07,1.9,8.7,61.3,-3.2,1.75,4.86
France,2003,0.97,2.2,8.3,65.4,-4.1,1.00,4.13
France,2004,2.87,2.3,8.9,66.9,-3.6,1.00,4.10
France,2005,1.89,1.9,8.9,68.2,-3.5,1.25,3.41
France,2006,2.71,1.9,8.8,65.4,-2.7,2.50,3.80
France,2007,2.53,1.6,8.0,65.5,-3.0,3.00,4.30
France,2008,0.38,3.2,7.4,69.8,-3.5,2.00,4.23
France,2009,-2.82,0.1,9.1,84.1,-7.4,0.25,3.65
France,2010,2.00,1.7,9.3,86.3,-7.2,0.25,3.12
France,2011,2.44,2.3,9.2,88.7,-5.3,0.25,3.32
France,2012,0.18,2.2,9.8,91.7,-5.2,0.00,2.54
France,2013,0.78,1.0,9.9,94.5,-4.9,0.00,2.20
France,2014,1.00,0.6,10.3,96.1,-4.6,-0.20,1.67
France,2015,1.07,0.1,10.4,96.9,-3.9,-0.30,0.84
France,2016,0.86,0.3,10.1,98.1,-3.8,-0.40,0.47
France,2017,2.08,1.2,9.4,98.7,-3.4,-0.40,0.81
France,2018,1.65,2.1,9.0,98.5,-2.3,-0.40,0.78
France,2019,2.03,1.3,8.4,98.1,-2.4,-0.50,0.13
France,2020,-7.44,0.5,8.0,114.8,-8.9,-0.50,-0.15
France,2021,6.88,2.1,7.9,112.7,-6.6,-0.50,0.01
France,2022,2.72,5.9,7.3,111.3,-4.7,2.00,1.70
France,2023,1.44,5.7,7.3,109.7,-5.4,4.00,2.99
France,2024,1.19,2.3,7.4,113.1,-5.8,3.00,2.97
France,2025,0.84,0.9,7.5,116.3,-5.5,2.00,3.35
Italy,2000,3.88,2.6,10.8,108.7,-2.4,3.75,5.58
Italy,2001,2.01,2.3,9.6,108.5,-3.2,2.25,5.19
Italy,2002,0.27,2.6,9.2,105.9,-2.9,1.75,5.03
Italy,2003,0.07,2.8,8.9,105.1,-3.2,1.00,4.25
Italy,2004,1.47,2.3,7.9,104.7,-3.5,1.00,4.26
Italy,2005,0.76,2.2,7.7,106.2,-4.1,1.25,3.56
Italy,2006,1.80,2.2,6.8,106.3,-3.6,2.50,4.05
Italy,2007,1.46,2.0,6.1,103.5,-1.3,3.00,4.49
Italy,2008,-1.02,3.5,6.7,105.8,-2.6,2.00,4.68
Italy,2009,-5.31,0.8,7.7,116.1,-5.1,0.25,4.31
Italy,2010,1.53,1.6,8.4,118.7,-4.2,0.25,4.04
Italy,2011,0.70,2.9,8.4,119.1,-3.5,0.25,5.42
Italy,2012,-3.13,3.3,10.7,125.9,-3.0,0.00,5.49
Italy,2013,-1.82,1.2,12.1,131.8,-2.9,0.00,4.32
Italy,2014,-0.00,0.2,12.7,134.8,-2.8,-0.20,2.89
Italy,2015,0.89,0.1,11.9,134.7,-2.5,-0.30,1.71
Italy,2016,1.24,-0.1,11.7,134.2,-2.4,-0.40,1.49
Italy,2017,1.60,1.3,11.2,133.7,-2.5,-0.40,2.11
Italy,2018,0.83,1.2,10.5,134.1,-2.2,-0.40,2.61
Italy,2019,0.43,0.6,9.9,133.8,-1.4,-0.50,1.95
Italy,2020,-8.87,-0.1,9.2,154.3,-9.4,-0.50,1.17
Italy,2021,8.93,1.9,9.5,145.7,-8.9,-0.50,0.81
Italy,2022,4.82,8.7,8.1,138.3,-8.1,2.00,3.16
Italy,2023,0.92,5.9,7.6,134.6,-7.2,4.00,4.28
Italy,2024,0.78,1.1,6.5,135.3,-3.4,3.00,3.71
Italy,2025,0.54,1.7,6.4,137.3,-3.3,2.00,3.59
