year,fdi_bop_usd_million,fdi_bop_pct_gdp,fdi_bop_per_capita_usd,fdi_bop_real_usd_m_2024,fdi_bop_ihs,fdi_bop_log,fdi_bop_yoy_pct,fdi_bop_first_diff,fdi_bop_vol3,fpi_bop_usd_million,fpi_bop_pct_gdp,fpi_bop_per_capita_usd,fpi_bop_real_usd_m_2024,fpi_bop_ihs,fpi_bop_log,fpi_bop_yoy_pct,fpi_bop_first_diff,fpi_bop_vol3,fpi_cbn_usd_million,fpi_cbn_pct_gdp,fpi_cbn_per_capita_usd,fpi_cbn_real_usd_m_2024,fpi_cbn_ihs,fpi_cbn_log,fpi_cbn_yoy_pct,fpi_cbn_first_diff,fpi_cbn_vol3,nbs_fdi_usd_million,nbs_fdi_pct_gdp,nbs_fdi_per_capita_usd,nbs_fdi_real_usd_m_2024,nbs_fdi_ihs,nbs_fdi_log,nbs_fdi_yoy_pct,nbs_fdi_first_diff,nbs_fdi_vol3,nbs_fpi_usd_million,nbs_fpi_pct_gdp,nbs_fpi_per_capita_usd,nbs_fpi_real_usd_m_2024,nbs_fpi_ihs,nbs_fpi_log,nbs_fpi_yoy_pct,nbs_fpi_first_diff,nbs_fpi_vol3,fpi_fdi_ratio_nbs,fdi_share_total_nbs_pct,portfolio_share_total_nbs_pct,fdi_net_vs_gross_gap_usd_m,fdi_source_spread_usd_m,gov_composite_index,exch_rate_depreciation_pct
2000,1140.1676,1.6483,9.0216,2077.1532,7.7321,7.0389,,,,-502.2649,-0.7261,-3.9742,-915.0244,-6.9123,,,,,,,,,,,,,,,,,,,,,,,,,,,,,,,,,,,,169.5324,-1.2698,
2001,1190.6186,1.6186,9.1683,2109.644,7.7754,7.0822,4.4249,50.4511,,-831.7716,-1.1308,-6.405,-1473.807,-7.4167,,-65.6042,-329.5068,,,,,,,,,,,,,,,,,,,,,,,,,,,,,,,,,86.7814,,9.3749
2002,1874.0708,1.9716,14.0409,3268.4909,8.229,7.5359,57.4031,683.4521,334.7082,-133.938,-0.1409,-1.0035,-233.5959,-5.5905,,83.8973,697.8336,285.0363,,,,,,,,,,,,,,,,,,,,,,,,,,,,,,,,166.1292,-1.4785,8.4031
2003,2005.3536,1.9146,14.616,3418.8899,8.2967,7.6036,7.0052,131.2828,357.1702,-182.8941,-0.1746,-1.333,-311.8127,-5.9021,,-36.5513,-48.956,318.0515,,,,,,,,,,,,,,,,,,,,,,,,,,,,,,,,166.0464,-1.3663,7.169
2004,1874.0609,1.3804,13.2858,3112.0356,8.229,7.5359,-6.5471,-131.2927,61.8896,-177.8189,-0.131,-1.2606,-295.2832,-5.8739,,2.7749,5.0752,21.9797,,,,,,,,,,,,,,,,,,,,,,,,,,,,,,,,253.0391,-1.26,2.8367
2005,4982.5339,2.8363,34.3582,8004.4986,9.2068,8.5137,165.8683,3108.473,1435.4034,487.9498,0.2778,3.3648,783.897,6.8834,6.1902,374.4083,665.7686,315.0494,883.0,0.5026,6.0889,1418.5497,7.4765,6.7833,,,,,,,,,,,,,,,,,,,,,,,,,,4.2339,-1.1953,-1.2143
2006,4854.354,2.0358,32.5627,7555.1426,9.1808,8.4876,-2.5726,-128.18,1436.0897,-1288.0185,-0.5402,-8.6399,-2004.6259,-7.854,,-363.9654,-1775.9683,732.5643,2825.6,1.185,18.9539,4397.6626,8.6396,7.9465,220.0,1942.6,,,,,,,,,,,,,,,,,,,,,,,,43.446,-1.1218,-1.9978
2007,6036.0214,2.1692,39.3823,9132.1057,9.3986,8.7055,24.3424,1181.6674,529.4236,-799.6729,-0.2874,-5.2175,-1209.8529,-7.3774,,37.9145,488.3456,749.1118,2665.5,0.9579,17.3912,4032.7272,8.5813,7.8881,-5.6661,-160.1,880.4439,,,,,,,,,,,,,,,,,,,,,,,50.6786,-1.0667,-2.2103
2008,8194.0719,2.4137,51.9945,11941.5311,9.7043,9.0112,35.7529,2158.0505,1382.7202,3401.8109,1.0021,21.5858,4957.5878,8.8252,8.1321,525.4003,4201.4838,2105.1642,1334.3,0.393,8.4666,1944.5259,7.8893,7.1962,-49.9418,-1331.2,668.4726,,,,,,,,,,,,,,,,,,,,,,,54.5281,-1.0267,-5.7559
2009,8555.99,2.9002,52.7986,12509.0418,9.7475,9.0544,4.4168,361.9181,1112.4751,345.3051,0.117,2.1309,504.8435,6.5376,5.8444,-89.8494,-3056.5058,1773.4357,481.7,0.1633,2.9725,704.2558,6.8705,6.1773,-63.8987,-852.6,898.6411,,,,,,,,,,,,,,,,,,,,,,,93.51,-1.0443,25.5665
2010,6026.2531,1.6421,36.1627,8668.6435,9.397,8.7039,-29.5669,-2529.7369,1117.0393,-2586.4528,-0.7048,-15.5209,-3720.5602,-8.5512,,-849.0341,-2931.7579,2444.8752,3747.9,1.0213,22.4906,5391.2785,8.9221,8.229,678.0569,3266.2,1383.2512,728.93,0.1986,4.3742,1048.5511,7.2847,6.5916,,,,3866.91,1.0537,23.2048,5562.472,8.9534,8.2602,,,,5.3049,12.1575,64.4947,-5297.3231,72.7469,-1.2013,0.9521
2011,8841.0621,2.1331,51.5876,12330.5529,9.7803,9.0872,46.7091,2814.809,1265.086,-3540.3183,-0.8542,-20.6578,-4937.6514,-8.8651,,-36.8793,-953.8655,1653.3848,5192.8,1.2529,30.3,7242.3533,9.2482,8.555,38.5523,1444.9,1970.6249,1753.34,0.423,10.2307,2445.3682,8.1624,7.4693,140.5361,1024.41,,4513.12,1.0889,26.3341,6294.4095,9.1079,8.4147,16.7113,646.21,,2.574,22.1836,57.1009,-7087.7221,73.8379,-1.1532,2.372
2012,7069.9084,1.5238,40.1242,9660.0686,9.5567,8.8636,-20.0333,-1771.1536,1161.864,-14992.4098,-3.2313,-85.0872,-20485.0896,-10.3084,,-323.4763,-11452.0915,5636.8631,17200.5,3.7072,97.6188,23502.1445,10.4458,9.7527,231.2375,12007.7,6029.9718,1999.87,0.431,11.35,2732.5504,8.294,7.6008,14.0606,246.53,550.3011,13487.51,2.907,76.5463,18428.8486,10.2027,9.5095,198.8511,8974.39,4390.8137,6.7442,12.0359,81.1722,-5070.0384,57.4916,-1.1162,2.3641
2013,5562.858,1.0695,30.7256,7491.0721,9.317,8.6239,-21.3164,-1507.0504,1339.7681,-10320.9309,-1.9843,-57.0061,-13898.4022,-9.9351,,31.159,4671.4789,4701.6525,13652.2,2.6248,75.4059,18384.3655,10.2148,9.5217,-20.6291,-3548.3,5036.9384,1279.43,0.246,7.0667,1722.9098,7.8473,7.1542,-36.0243,-720.44,298.9614,17369.25,3.3395,95.9365,23389.8302,10.4556,9.7625,28.7803,3881.74,5384.0057,13.5758,6.0015,81.4755,-4283.428,45.642,-1.125,-0.1196
2014,4693.8286,0.8175,25.2496,6220.3301,9.1472,8.454,-15.622,-869.0294,981.6182,-1843.6227,-0.3211,-9.9174,-2443.1956,-8.2126,,82.1371,8477.3083,5442.4063,5292.8,0.9218,28.4717,7014.0957,9.2672,8.5741,-61.2312,-8359.4,4991.808,2277.04,0.3966,12.2489,3017.5666,8.4238,7.7306,77.973,997.61,420.4604,14917.17,2.598,80.2443,19768.451,10.3034,9.6103,-14.1174,-2452.08,1602.9324,6.5511,10.9733,71.8873,-2416.7886,0.0286,-1.183,0.7888
2015,3064.1689,0.6215,16.0704,4055.7682,8.7207,8.0275,-34.7192,-1629.6597,1035.7204,-858.7007,-0.1742,-4.5036,-1136.5858,-7.4486,,53.4232,984.922,4247.465,2535.2,0.5142,13.2961,3355.6191,8.5312,7.838,-52.101,-2757.6,4726.6574,1447.0,0.2935,7.589,1915.2654,7.9704,7.2772,-36.4526,-830.04,436.1793,6001.0,1.2172,31.4729,7942.9907,9.3928,8.6997,-59.7712,-8916.17,4884.7597,4.1472,15.0057,62.2316,-1617.1689,0.0311,-0.9935,21.3732
2016,3453.2584,0.8534,17.6688,4513.5683,8.8402,8.1471,12.698,389.0895,694.9177,-1894.3222,-0.4681,-9.6924,-2475.9667,-8.2398,,-120.6033,-1035.6216,476.6962,1887.7,0.4665,9.6585,2467.3111,8.2363,7.5431,-25.5404,-647.5,1476.4191,1044.0,0.258,5.3417,1364.5562,7.644,6.9508,-27.8507,-403.0,513.351,1811.9,0.4478,9.2707,2368.237,8.1953,7.5021,-69.8067,-4189.1,5464.987,1.7355,20.3743,35.3604,-2409.2584,0.0416,-0.9995,31.725
2017,2412.9749,0.6422,12.0495,3088.0496,8.4818,7.7886,-30.1247,-1040.2835,429.1638,-10331.3286,-2.7496,-51.591,-13221.7102,-9.9361,,-445.3839,-8437.0064,4242.4609,10513.8,2.7981,52.5022,13455.2314,9.9536,9.2604,456.9635,8626.1,3922.6821,981.75,0.2613,4.9025,1256.4129,7.5825,6.8893,-5.9626,-62.25,206.2204,7329.06,1.9505,36.5987,9379.5011,9.5927,8.8996,304.4958,5517.16,2351.1547,7.4653,8.0283,59.9339,-1431.2249,0.0251,-1.0053,20.6311
2018,775.2474,0.1838,3.7828,968.5152,7.3463,6.6532,-67.8717,-1637.7275,1102.325,6.7795,0.0016,0.0331,8.4696,2.6124,1.9139,100.0656,10338.108,4492.8801,394.7,0.0936,1.9259,493.098,6.6713,5.9781,-96.2459,-10119.1,4460.13,1194.67,0.2833,5.8294,1492.4991,7.7788,7.0856,21.6878,212.92,89.3877,11802.27,2.7985,57.5893,14744.5553,10.0692,9.376,61.0339,4473.21,4085.9672,9.8791,7.1059,70.1995,419.4226,0.0474,-1.003,0.096
2019,2305.0998,0.345,11.0036,2828.4697,8.436,7.7429,197.3373,1529.8524,747.9035,-3090.853,-0.4626,-14.7545,-3792.6271,-8.7293,,-45691.3865,-3097.6325,4332.0035,3178.4,0.4757,15.1724,3900.0515,8.7573,8.0641,705.2698,2783.7,4268.1412,934.34,0.1398,4.4602,1146.4807,7.533,6.8398,-21.791,-260.33,113.2128,16365.46,2.4491,78.1221,20081.2162,10.3961,9.7029,38.6637,4563.19,3689.1558,17.5155,3.8947,68.2177,-1370.7598,0.0002,-1.0622,0.2736
2020,2385.2777,0.3985,11.1464,2890.634,8.4702,7.7771,3.4783,80.1779,740.8009,3691.3407,0.6167,17.2496,4473.4058,8.9069,8.2137,219.4279,6782.1937,2772.2728,-3585.3,-0.599,-16.754,-4344.8988,-8.8777,,-212.802,-6763.7,2775.6285,1028.91,0.1719,4.8081,1246.8998,7.6294,6.9363,10.1216,94.57,107.5957,5137.2,0.8582,24.006,6225.5918,9.2374,8.5443,-68.6095,-11228.26,4610.612,4.9929,10.6287,53.0676,-1356.3677,0.0223,-1.0747,16.9066
2021,3313.21,0.5439,15.1614,3835.6084,8.7988,8.1057,38.9025,927.9323,457.502,-5343.3273,-0.8772,-24.4513,-6185.817,-9.2768,,-244.753,-9034.668,3839.8064,6099.2,1.0013,27.9102,7060.8692,9.4091,8.7159,270.1169,9684.5,4056.1099,698.78,0.1147,3.1976,808.9576,7.2425,6.5493,-32.0854,-330.13,138.8115,3385.59,0.5558,15.4926,3919.4006,8.8204,8.1273,-34.0966,-1751.61,5750.5457,4.845,10.4288,50.5273,-2614.43,0.01,-1.1355,11.8004
2022,-186.7924,-0.0289,-0.8371,-200.2432,-5.9232,,-105.6378,-3500.0024,1480.4887,-3864.7073,-0.5974,-17.3188,-4143.0012,-8.9528,,27.6723,1478.6199,3956.7861,4556.5,0.7043,20.4189,4884.6092,9.1175,8.4243,-25.2935,-1542.7,4248.6386,468.08,0.0724,2.0976,501.786,6.8418,6.1486,-33.0147,-230.7,230.1542,2442.24,0.3775,10.9443,2618.1034,8.4938,7.8007,-27.8637,-943.35,1116.5849,5.2176,8.7838,45.8303,654.8724,1081.6,-1.1663,6.189
2023,1872.5205,0.3842,8.217,1927.7994,8.2282,7.535,1102.4606,2059.313,1436.2905,-6216.3865,-1.2754,-27.2789,-6399.9011,-9.4281,,-60.8501,-2351.6792,970.6209,6470.0,1.3275,28.3918,6661.0015,9.4681,8.7749,41.995,1913.5,828.5797,377.38,0.0774,1.656,388.5207,6.6264,5.9333,-19.377,-90.7,135.2968,1153.01,0.2366,5.0597,1187.0481,7.7433,7.0501,-52.7888,-1289.23,915.0857,3.0553,9.6616,29.519,-1495.1405,2.5205,-1.0703,51.4614
2024,1080.3107,0.4282,4.6429,1080.3107,7.6782,6.985,-42.3071,-792.2098,848.1297,-13027.2591,-5.1642,-55.988,-13027.2591,-10.1679,,-109.5632,-6810.8726,3885.4534,13350.0,5.2921,57.3751,13350.0,10.1924,9.4993,106.3369,6880.0,3775.9697,674.71,0.2675,2.8997,674.71,7.2074,6.5143,78.788,297.33,124.422,8378.77,3.3215,36.0099,8378.77,9.7266,9.0335,626.6867,7225.76,3146.711,12.4183,5.4755,67.9967,-405.6007,0.3107,-1.082,129.2287
2025,,,,,,,,,,,,,,,,,,,,,,,,,,,,923.01,,,899.3193,7.5208,6.8276,36.801,248.3,223.0521,19744.64,,,19237.8576,10.5838,9.8906,135.6508,11365.87,7652.4747,21.3916,3.9749,85.0299,,,,
